{
  "tests": [
    {
      "name": "validarSala()",
      "setup": "",
      "run": "mvn test -DargLine=\"-Dfile.encoding=UTF-8\" -Dtest=\\CinemaTest\\$ValidarSalaTest",
      "input": "",
      "output": "",
      "comparison": "exact",
      "timeout": 10,
      "points": 1
    },
    {
      "name": "calcularValorIngresso()",
      "setup": "",
      "run": "mvn test -DargLine=\"-Dfile.encoding=UTF-8\" -Dtest=\\CinemaTest\\$CalcularValorIngressoTest",
      "input": "",
      "output": "",
      "comparison": "exact",
      "timeout": 10,
      "points": 1
    },
    {
      "name": "calcularLucroTotal()",
      "setup": "",
      "run": "mvn test -DargLine=\"-Dfile.encoding=UTF-8\" -Dtest=\\CinemaTest\\$CalcularLucroTotalTest",
      "input": "",
      "output": "",
      "comparison": "exact",
      "timeout": 10,
      "points": 1
    },
    {
      "name": "calcularSeloTomatometro()",
      "setup": "",
      "run": "mvn test -DargLine=\"-Dfile.encoding=UTF-8\" -Dtest=\\CinemaTest\\$CalcularSeloTomatometroTest",
      "input": "",
      "output": "",
      "comparison": "exact",
      "timeout": 10,
      "points": 1
    }
  ]
}